ID,Recency,Frequency,Monetary
1826,0,1190,14
1,0,577,17
10476,0,251,10
1386,0,11,3
5371,0,91,6
7348,0,1192,16
4073,0,1215,27
1991,0,96,6
4047,0,544,17
9477,0,544,17
2079,0,1208,21
5642,0,222,10
10530,0,1156,15
2964,0,72,4
10311,0,359,25
837,0,174,8
10521,0,174,8
10175,0,22,4
1473,0,72,5
2795,0,13,3
2285,0,335,12
115,0,393,14
10470,0,92,6
4065,0,404,14
10968,0,704,22
5985,0,122,7
5430,0,684,19
8432,0,684,19
453,1,45,5
9687,1,726,15
8890,1,272,11
9264,1,1638,21
5824,1,8,3
5794,1,446,15
3068,1,43,5
7962,1,1901,11
2681,1,461,18
10141,1,20,3
3725,1,1688,15
3767,1,1008,22
5585,1,48,5
7030,1,1485,32
1524,1,1104,15
3657,1,165,8
5740,1,56,5
9595,1,1574,13
3158,1,39,4
5114,1,965,14
340,1,497,17
8805,1,371,13
1241,1,51,4
1402,1,1253,18
7264,2,17,3
1619,2,1588,16
6398,2,50,6
1857,2,83,5
4877,2,41,4
3066,2,231,10
10286,2,926,23
1992,2,893,12
4246,2,373,2
10623,2,32,4
4867,2,88,7
3112,2,24,4
4865,2,400,14
6287,2,36,4
4405,2,789,21
5332,2,1066,16
1519,2,73,6
9080,2,73,6
1772,2,2043,18
5341,2,1588,13
5510,2,441,13
3887,2,106,5
7022,2,1410,20
9999,2,1040,22
10352,2,117,6
7919,2,2092,22
4114,2,1693,28
7990,2,17,3
9888,3,1091,15
4399,3,1091,15
4452,3,372,13
4785,3,714,20
8461,3,16,3
3878,3,48,4
9612,3,43,4
4098,3,44,6
158,3,1196,16
3896,3,37,4
9970,3,162,8
4002,3,1123,26
10914,3,17,4
7279,3,1044,14
10582,3,758,19
4470,3,140,7
6183,3,140,7
6379,3,121,6
8601,3,1395,19
4827,3,455,15
6715,3,685,19
10676,3,1173,18
1041,3,424,14
492,3,424,14
11133,3,424,14
4491,3,1178,17
873,3,1178,17
1631,3,1282,19
8278,3,1711,15
6815,4,809,21
254,4,473,15
1349,4,148,7
2534,4,188,8
2130,4,147,7
2296,4,30,3
3799,4,868,20
11084,4,1053,15
5172,4,1053,15
9504,4,1008,24
850,4,757,20
4477,4,653,17
1945,4,1400,18
7685,4,78,6
6310,4,78,6
10832,4,467,13
3025,4,306,12
2404,4,257,10
8581,4,751,20
8755,4,1196,17
10177,4,1338,17
2429,4,1338,17
8920,4,1128,25
8430,4,22,3
8619,4,22,3
8996,4,603,17
7233,4,1782,14
6678,5,72,7
830,5,1658,14
6365,5,80,5
6770,5,68,5
2261,5,16,3
1031,5,1062,25
10089,5,1112,28
9256,5,1001,23
10641,5,57,6
624,5,35,3
4211,5,57,5
1407,5,57,5
10356,5,32,4
9323,5,874,22
1146,5,874,22
6343,6,1518,22
8545,6,1789,16
8275,6,20,3
10673,6,1416,20
8799,6,153,8
67,6,92,6
9923,6,92,6
2814,6,31,4
2711,6,31,4
4320,6,943,22
10451,6,25,3
4198,6,25,3
10814,6,1376,24
944,6,393,13
8151,6,263,8
6184,6,1670,14
3498,6,877,21
2870,6,502,15
7342,6,1072,24
1911,6,1364,28
10862,6,326,12
2546,7,70,5
3005,7,1650,22
8318,7,1738,19
2930,7,1281,18
8216,7,325,11
1212,7,936,22
2541,7,48,5
10659,7,53,7
10905,7,252,11
8910,7,252,11
7349,7,103,7
7872,7,557,22
4290,8,24,3
7408,8,233,10
9986,8,54,7
8235,8,843,21
10949,8,1958,18
7284,8,20,3
9529,8,1627,21
9930,8,1167,27
10270,8,66,6
760,8,811,21
5519,8,797,19
232,8,530,16
3009,8,1766,14
6518,8,606,18
10669,8,470,15
5682,8,1099,26
1570,8,1039,24
1497,8,407,14
9723,8,1016,24
7261,8,318,12
2452,8,318,12
5621,8,316,12
10995,8,92,7
7373,8,302,11
5331,8,1869,16
263,9,145,7
4619,9,277,27
940,9,311,12
10084,9,50,5
6019,9,72,5
1463,9,21,3
6424,9,49,4
8233,9,556,17
1515,9,28,4
10855,9,396,13
10909,9,1899,20
3376,9,235,10
10232,9,331,12
5547,9,1919,19
8362,9,1919,19
3524,9,167,8
10095,9,1293,19
8897,9,654,17
466,9,746,20
11025,9,138,7
2387,9,275,11
1618,9,692,19
25,9,1115,19
3277,9,365,13
8566,10,9,3
2634,10,69,6
8036,10,63,7
8159,10,182,8
7628,10,76,6
9597,10,725,18
1384,10,62,5
10150,10,1449,18
3885,10,63,4
11003,10,50,5
8026,10,463,14
577,10,22,4
8702,10,22,4
5429,10,183,9
977,10,414,14
2793,10,1034,23
1071,10,1034,23
5074,10,47,4
2632,10,500,13
6404,10,282,11
10240,10,1381,20
2521,10,59,4
4301,10,59,4
7381,10,1442,21
2407,10,1555,19
9064,10,1555,19
5067,11,1378,20
10281,11,602,17
11191,11,139,7
1994,11,19,3
2552,11,446,15
6720,11,492,14
4557,11,67,6
1183,11,22,3
4186,11,76,6
1419,11,76,6
967,11,515,16
1048,11,178,8
9262,11,52,4
3427,11,734,20
5892,11,221,10
8911,11,702,18
6606,11,1161,17
2677,11,241,10
252,11,601,16
9860,11,215,9
1388,11,112,6
979,11,112,6
7494,11,269,11
10490,11,417,12
3403,11,2092,19
2715,11,180,7
4828,12,792,20
92,12,89,7
3312,12,89,7
11176,12,495,16
1446,12,1226,27
9699,12,733,20
9790,12,1334,18
2324,12,1065,29
5080,12,1258,16
4992,12,69,6
7849,12,1052,24
4808,12,17,3
10401,12,18,3
7793,12,800,21
6853,12,1438,20
7366,12,1438,20
9780,12,795,24
7573,12,86,5
1379,12,241,10
8923,12,1587,20
3547,12,64,5
8707,12,1401,15
1891,12,1754,15
6271,13,63,5
9635,13,129,7
9727,13,81,6
6205,13,80,6
10681,13,889,21
5156,13,889,21
3050,13,235,10
8164,13,1908,18
5626,13,463,15
7600,13,29,4
6406,13,1427,20
7002,13,398,13
8234,13,18,3
6116,13,75,5
291,13,981,12
8779,13,172,8
4931,13,1730,28
1650,13,1643,26
9701,13,312,9
6431,13,68,5
10789,13,68,5
5302,13,1428,15
4459,13,37,4
10642,13,37,4
9213,13,15,3
3678,13,656,18
3698,13,2130,18
5929,14,48,5
10795,14,48,5
4390,14,841,21
9362,14,568,17
1577,14,1736,14
4609,14,486,15
7143,14,820,21
1729,14,1377,18
10664,14,467,15
5029,14,14,3
10507,14,797,11
3865,14,73,6
6982,14,1581,23
7042,14,66,5
9668,14,77,6
6878,14,324,11
4099,14,62,4
5031,14,1833,25
1970,14,103,6
5726,15,60,7
5231,15,51,4
1307,15,63,7
10609,15,88,6
5782,15,763,20
7533,15,187,9
9493,15,1808,17
2253,15,85,5
2326,15,85,5
1876,15,85,5
7141,15,213,8
7393,15,92,6
4713,15,125,7
5093,15,101,6
8524,15,101,6
3766,15,835,18
9725,16,12,3
8933,16,66,6
10779,16,49,4
9289,16,63,5
2613,16,237,10
10133,16,2349,25
8443,16,86,6
10796,16,66,5
10241,16,14,3
3388,16,294,12
6507,16,56,6
7446,16,716,20
87,16,57,5
10477,16,102,6
6072,16,2087,19
2518,16,30,3
247,16,357,13
9463,16,1443,21
1459,16,928,13
9530,16,17,3
9653,16,68,5
10785,17,41,5
9392,17,17,3
3769,17,42,4
10146,17,42,4
4741,17,562,17
1880,17,93,6
6471,17,59,6
5718,17,1415,22
3478,17,736,20
7848,17,368,11
7999,17,1743,16
11101,17,836,25
9212,17,1678,22
10983,17,930,22
3629,17,145,7
4673,17,1241,18
796,17,1071,23
618,17,797,21
380,17,1804,24
1092,17,1147,16
8962,18,37,5
8207,18,40,4
6521,18,1101,19
535,18,778,26
4608,18,778,26
11086,18,21,4
1064,18,42,4
7000,18,817,22
1581,18,17,3
7384,18,485,15
10552,18,367,12
6409,18,1179,19
9507,18,434,14
9560,18,1674,21
10991,18,850,13
4712,18,82,6
11056,18,1188,17
7414,18,186,8
3076,18,612,18
6355,19,45,6
7959,19,1370,10
5512,19,518,16
10102,19,1478,21
9369,19,1274,31
3711,19,1902,19
6931,19,1062,15
9596,19,664,19
2727,19,409,12
8416,19,44,5
3967,19,943,23
2139,19,31,5
2162,19,561,16
9242,19,1722,18
10595,19,69,5
4855,19,46,5
5049,19,46,5
4967,19,268,11
5255,19,637,27
9215,19,551,16
3525,19,17,3
3619,19,1152,16
4415,19,38,5
3645,19,70,6
4692,19,71,7
5313,20,44,6
7196,20,13,3
1381,20,324,12
10951,20,306,12
4322,20,1291,19
7444,20,30,4
2942,20,486,13
2874,20,32,4
3667,20,1757,24
3697,20,134,7
9955,20,134,7
5320,20,171,8
6422,20,1270,16
3690,20,2091,21
2408,20,733,20
9260,20,1706,25
9648,20,253,10
4939,20,317,11
8652,20,317,11
4702,20,1895,16
2587,21,20,5
2811,21,62,5
9150,21,62,5
10127,21,395,14
5493,21,23,3
2666,21,907,22
10099,21,882,21
10562,21,1033,23
7881,21,1033,23
6721,21,1213,14
5204,21,1461,21
5209,21,638,17
10128,21,907,22
9284,21,907,22
8643,21,1662,21
1685,21,1482,22
2877,21,541,16
8369,21,28,3
6233,21,971,24
195,21,246,10
1501,21,1717,29
10846,22,629,16
8341,22,34,4
10766,22,506,16
9971,22,506,16
1740,22,999,14
8737,22,43,5
6466,22,121,7
10430,22,1472,11
8773,22,322,12
2371,22,81,6
7786,22,160,8
4088,22,155,8
4971,22,155,8
10560,23,20,4
6892,23,732,20
11004,23,22,3
1818,23,38,4
9485,23,199,9
6646,23,22,4
4248,23,2008,19
7451,23,2008,19
7861,23,1175,17
5232,23,227,10
3011,23,227,10
5758,23,1189,27
2173,23,32,4
10711,23,894,21
8268,23,404,14
2782,23,404,14
9432,23,62,7
5872,23,639,18
11187,23,69,6
2428,23,78,6
1726,23,81,4
1802,23,680,18
1162,23,653,18
10643,23,653,18
11112,23,1477,19
2114,23,1315,25
4261,23,1315,25
2457,23,45,4
2495,24,816,21
6983,24,45,5
3436,24,20,4
7505,24,46,4
4286,24,679,19
7224,24,31,4
6215,24,31,4
968,24,187,9
4096,24,187,9
3153,24,17,3
6504,24,78,6
5329,24,11,3
1175,24,426,11
1377,24,285,10
4607,24,777,16
4944,24,777,16
9483,24,637,18
1378,24,694,17
5991,24,266,10
2807,24,1001,24
1052,24,1001,24
9760,24,1198,25
7101,24,1198,25
9909,24,122,7
5907,24,18,3
793,24,45,5
8832,24,123,7
2535,24,844,19
1523,25,96,6
1839,25,141,7
9972,25,46,4
2945,25,46,4
9291,25,15,3
2829,25,731,20
8594,25,135,7
1592,25,1724,15
4310,25,1428,20
6950,25,54,5
8492,25,1493,22
5684,25,68,5
5909,25,1171,15
9855,25,1020,25
975,25,264,10
8754,25,20,3
1456,25,1180,24
2849,25,1180,24
9984,25,724,17
5527,25,58,5
5628,25,1665,23
7627,25,2086,21
1351,25,1220,28
10629,25,109,6
10395,25,101,7
6961,26,11,3
10196,26,614,18
6182,26,53,6
10432,26,22,4
1542,26,396,14
4220,26,87,6
4141,26,776,20
1940,26,18,3
1506,26,140,7
6347,26,36,4
1361,26,1435,15
9422,26,131,7
1081,26,1019,14
7458,26,97,6
1012,26,884,20
5453,26,2352,23
6818,26,369,11
7807,26,369,11
7532,26,132,7
8346,26,296,10
5564,26,1338,18
3267,27,608,17
3091,27,823,20
762,27,823,20
8029,27,1621,14
4376,27,93,6
10981,27,1198,17
486,27,1198,17
1158,27,144,7
9119,27,392,13
6694,27,1068,24
10573,27,421,17
10140,27,1727,16
2286,27,114,6
8420,27,64,6
10065,27,64,6
1029,27,279,11
4207,27,1298,24
10277,27,42,4
4436,27,137,7
2929,27,137,7
6281,27,982,14
10390,27,30,4
2574,27,1230,18
709,27,1103,15
5955,27,1932,15
8486,27,367,13
10343,27,1345,17
6652,28,1134,16
8746,28,1188,17
4686,28,1686,24
3551,28,198,8
4338,28,44,4
4444,28,61,5
498,28,57,5
8230,28,71,5
2826,28,37,5
6222,28,37,5
7352,28,405,13
10928,28,599,15
10736,28,1525,20
10163,28,1323,19
6168,28,53,4
4656,28,710,19
626,28,43,4
3870,28,1006,23
6299,28,813,18
7798,28,429,13
9973,28,490,16
4299,28,1825,27
10971,28,473,12
6679,29,16,3
5961,29,57,4
6255,29,334,12
8614,29,507,16
7828,29,818,11
1277,29,1004,27
3595,29,1138,26
5735,29,2525,17
5350,29,2525,17
4137,29,1076,15
6357,29,491,15
9316,29,29,4
3578,29,236,10
153,29,46,4
10524,29,795,18
1518,29,749,19
2036,29,401,14
9495,29,1149,16
2631,29,1149,16
6312,29,863,26
615,29,343,10
4406,29,1471,21
10061,29,1088,23
10619,29,1990,17
4945,29,1210,26
1777,29,74,5
4023,29,115,7
7922,29,966,23
10699,30,92,6
7516,30,45,5
3129,30,45,5
5121,30,761,18
2186,30,2257,21
10548,30,960,23
6384,30,1453,18
2625,30,350,12
1676,30,266,11
5534,30,224,8
6859,30,99,7
271,30,258,10
7699,30,258,10
7832,30,1526,22
938,30,87,5
7873,30,300,12
9967,30,447,14
1087,30,173,7
8314,30,1772,18
3762,30,925,16
10383,30,1093,20
6798,30,433,14
4168,30,433,14
6690,30,90,7
10602,30,156,7
3220,30,156,7
5424,30,156,7
7488,30,825,21
5289,30,72,4
347,30,377,13
5236,30,2194,20
9478,30,401,13
477,31,2157,21
7411,31,17,4
3107,31,350,12
7437,31,29,5
255,31,21,4
3790,31,15,3
749,31,145,7
8650,31,42,4
607,31,521,16
1008,31,1021,23
9396,31,25,3
933,31,25,3
5710,31,120,7
2882,31,995,14
2379,31,1635,12
5342,31,29,4
3262,31,1655,24
5832,32,1263,21
5025,32,135,7
569,32,1991,18
3102,32,32,4
9449,32,605,18
8104,32,278,11
75,32,467,14
6421,32,2116,20
3037,32,410,14
4698,32,410,14
948,32,41,5
6177,32,169,8
3517,32,161,7
3491,32,1260,25
7610,32,460,14
4377,32,575,13
9850,32,19,3
5544,32,1490,20
6497,32,433,13
4543,32,1919,18
5117,32,576,16
1448,33,51,6
6887,33,564,17
7500,33,564,17
2724,33,19,3
2256,33,21,4
1100,33,61,7
7725,33,641,15
2612,33,1682,24
113,33,28,4
2868,33,57,5
4216,33,1474,25
199,33,315,12
359,33,504,16
8842,33,44,5
2154,33,44,5
6050,33,1513,22
9204,33,1029,13
4472,34,57,5
6864,34,30,6
10617,34,30,6
3924,34,916,23
5654,34,61,5
9216,34,44,5
8086,34,55,5
9097,34,343,12
7631,34,989,22
7275,34,131,7
8334,34,131,7
1987,34,59,5
2281,34,28,3
7034,34,55,5
2797,34,1073,25
3934,34,608,16
2493,34,608,16
3759,34,1155,24
965,34,590,17
7378,34,573,17
1859,34,1890,18
6263,34,106,6
2072,34,1064,15
8908,35,1097,19
738,35,182,8
10129,35,1456,20
807,35,292,11
3334,35,2211,21
5423,35,16,3
4426,35,527,15
10489,35,1778,22
2570,35,815,21
3834,35,861,21
590,35,1812,15
4791,35,41,4
5304,35,33,4
2426,35,895,28
35,35,210,7
8041,35,1092,15
3584,35,1396,20
7718,36,711,9
8605,36,68,5
1646,36,46,5
9206,36,1121,24
10757,36,13,3
6885,36,55,5
907,36,362,13
1150,36,1853,14
3867,36,1095,25
3859,36,1095,25
3265,36,46,4
4418,36,1644,24
4611,36,1724,30
4530,36,1930,20
7736,36,61,5
9949,36,877,12
942,36,299,11
6181,36,939,26
7660,37,49,4
2055,37,49,4
5107,37,49,4
1626,37,49,4
6428,37,1130,16
9617,37,19,4
4339,37,913,23
7235,37,38,6
8527,37,395,14
1968,37,28,3
9862,37,33,5
11075,37,270,11
6658,37,1194,25
4552,37,393,11
10377,37,397,12
5336,37,59,2
10350,37,38,4
11071,37,1923,15
11100,37,63,5
6516,37,18,3
1734,37,81,7
2131,37,1307,19
6439,37,1102,24
10591,37,201,9
9797,38,443,14
9336,38,636,18
2174,38,27,4
3197,38,670,18
9185,38,1029,15
905,38,84,7
10858,38,820,21
8925,38,1012,23
2499,38,563,17
1109,38,12,3
326,38,315,12
10967,38,99,6
5370,38,413,14
2098,38,17,3
1773,38,57,5
5036,38,406,12
4856,38,1853,24
8722,38,1853,24
2156,38,41,6
2569,38,46,4
10151,38,946,21
10473,38,528,19
7079,38,1245,27
6875,38,529,15
6728,38,48,4
2471,39,299,11
49,39,25,4
4973,39,25,4
6387,39,77,6
5866,39,219,9
8523,39,60,7
7901,39,22,3
898,39,147,7
10242,39,75,6
5835,39,65,6
6919,39,63,6
6197,39,57,6
10475,39,317,12
4201,39,468,14
5092,39,467,15
6566,39,1319,19
6613,39,727,20
9094,39,587,14
9847,39,587,14
10767,40,1346,20
7943,40,35,5
1055,40,45,4
1458,40,44,6
8402,40,794,20
6246,40,1507,22
4654,40,1253,18
6103,40,100,6
8147,40,48,5
10207,40,15,3
4838,40,15,3
10219,40,38,4
2176,40,1690,14
9121,40,1690,14
5802,40,75,6
10790,40,21,3
178,40,973,22
2308,40,330,12
7431,40,1820,16
9405,40,172,8
10525,40,27,3
7503,40,2209,22
8783,40,454,15
1403,40,38,4
4643,40,176,7
3463,41,904,23
4055,41,64,6
7010,41,1363,19
4767,41,1363,19
1927,41,690,13
437,41,1027,22
4331,41,1371,20
4084,41,873,21
8135,41,52,4
9750,41,1307,18
6682,41,37,4
10581,41,506,14
3710,41,81,5
5207,41,793,19
9360,41,316,11
4679,42,1092,25
1340,42,1795,26
10839,42,29,4
5303,42,1113,19
9829,42,78,6
10469,42,1623,17
3602,42,195,9
4756,42,1168,24
8181,42,177,8
6958,42,26,4
10856,42,46,4
3321,42,542,17
5394,42,38,6
433,42,632,18
6320,42,1508,22
5376,42,1730,28
1867,42,1336,18
4324,42,684,16
3661,42,1435,18
521,42,581,16
10403,43,44,6
7186,43,35,4
4329,43,16,4
4394,43,1501,22
1717,43,273,10
1016,43,55,5
3783,43,116,7
5848,43,2009,18
10727,43,1586,23
5299,43,1586,23
6872,43,405,14
1143,43,55,5
10381,43,21,3
11007,43,34,4
9145,43,1478,20
5267,43,44,4
9738,43,100,6
10212,43,100,6
10010,43,152,7
10069,43,58,4
2694,44,24,4
10613,44,62,7
4646,44,978,24
6935,44,978,24
5596,44,728,20
1044,44,596,17
9274,44,1213,22
9076,44,185,9
4947,44,2059,23
10176,44,416,16
3507,44,1575,12
9235,45,18,3
10341,45,222,9
2639,45,68,6
6201,45,49,5
7397,45,688,18
2181,45,1280,13
1204,45,1829,27
1170,45,244,10
8812,45,48,5
4690,45,586,17
1715,45,48,5
10821,45,263,10
6543,45,1612,13
7119,45,825,11
3518,45,50,4
1245,45,1371,19
2561,45,1371,19
9624,46,963,13
10509,46,71,6
7629,46,31,5
7875,46,1677,25
2815,46,120,7
2936,46,23,4
3665,46,54,6
10888,46,636,18
6637,46,1117,14
5077,46,969,23
6173,46,969,23
3969,46,133,6
4580,46,2486,25
663,46,71,5
8299,46,71,5
8945,46,203,9
10870,46,1341,16
1184,46,845,22
6141,46,385,12
8825,46,564,16
2217,46,23,3
4102,46,23,3
4653,46,189,8
10092,46,1504,22
5788,46,209,9
4669,46,102,7
6295,46,981,22
7453,46,488,15
10841,46,484,15
821,46,2077,21
3933,46,662,18
1225,47,1495,18
7059,47,1495,18
5633,47,231,10
843,47,805,21
6211,47,39,4
7007,47,63,6
9671,47,69,6
8975,47,69,6
6616,47,461,14
6248,47,2217,27
7428,47,1367,18
3075,47,382,14
2937,47,871,22
203,47,2089,21
2021,47,1388,29
880,47,96,5
524,47,96,5
10837,47,68,5
7011,47,93,7
4184,48,265,10
7679,48,28,5
7485,48,138,7
7530,48,138,7
4369,48,1169,14
10652,48,1169,14
286,48,152,8
5922,48,218,10
7250,48,612,18
2478,48,38,5
1160,48,49,6
9214,48,358,12
273,48,151,8
851,48,642,17
9729,48,615,17
9665,48,361,12
2620,48,23,3
8254,48,23,3
3852,48,964,23
1000,48,964,23
3099,48,310,11
6318,48,1366,29
5396,48,1366,29
7966,48,1191,27
454,48,1135,26
309,48,1101,16
3571,48,1101,16
8395,48,1511,21
2591,49,932,13
1640,49,108,6
810,49,641,17
9423,49,46,6
4345,49,21,3
89,49,69,6
5294,49,57,7
1321,49,56,6
2686,49,26,3
1215,49,1572,22
9283,49,18,3
3120,49,22,3
5868,49,46,4
8143,49,265,11
3479,49,50,5
7214,49,1283,17
5543,49,802,20
9347,49,46,4
10160,49,46,4
1406,49,415,14
7019,49,211,9
2157,49,77,6
8939,49,730,19
10250,49,28,3
1272,49,903,22
3007,49,40,4
5513,49,40,4
679,49,38,4
8876,49,152,8
10827,49,146,7
7300,50,535,16
4268,50,158,8
4603,50,656,19
8659,50,1038,25
10708,50,33,4
1176,50,25,3
10380,50,106,6
7037,50,401,14
11096,50,232,10
6374,50,297,11
5552,50,293,11
2245,50,139,7
6200,50,901,21
9904,50,1043,23
10031,50,53,7
6642,50,102,7
10882,50,915,13
5636,50,167,7
8692,50,240,10
8091,50,1106,16
8080,50,22,3
8370,50,1159,16
4550,51,71,5
3381,51,90,6
10556,51,358,13
9467,51,20,4
2891,51,928,21
5011,51,928,21
8140,51,95,7
11039,51,311,11
78,51,37,4
5517,51,37,4
5290,51,279,11
4128,51,725,18
8534,51,992,24
9592,51,33,5
8957,51,1120,14
9308,51,976,13
544,51,976,13
5989,51,1576,23
635,51,610,17
6673,51,129,6
1710,51,279,11
523,51,74,6
8977,51,24,3
9736,51,96,6
1544,51,1893,16
6575,51,612,17
6147,51,28,3
6354,51,47,4
4769,52,493,16
7540,52,270,11
5247,52,45,5
5987,52,43,5
9960,52,14,3
10972,52,939,13
1399,52,1515,19
2698,52,415,14
6340,52,26,4
4107,52,425,14
10906,52,425,14
2557,52,29,4
8786,52,450,14
7187,52,721,18
6119,52,17,3
2980,52,35,6
3850,52,43,4
1077,52,1020,14
9733,52,80,4
8462,52,80,4
4764,52,169,8
2223,52,1826,25
7788,53,10,3
5827,53,62,7
2958,53,57,7
4954,53,265,11
3139,53,2052,18
9952,53,1105,16
8180,53,310,12
3276,53,78,6
4994,53,1735,25
3598,53,606,18
945,53,133,7
5048,53,131,6
6214,53,79,5
6230,53,189,9
2968,53,902,22
8800,53,902,22
1907,53,1477,21
10478,53,633,18
4188,53,354,11
2225,54,1617,20
4790,54,868,12
1131,54,95,6
202,54,1234,17
9589,54,1234,17
3900,54,769,20
9958,54,769,20
8955,54,49,4
10033,54,38,4
5751,54,38,4
3308,54,94,6
7297,54,57,7
8008,54,119,6
1232,54,1244,16
2345,54,1244,16
1628,54,960,16
5081,54,47,4
839,54,170,8
3706,54,94,6
5154,54,54,5
8584,54,1165,16
6583,54,981,20
3433,54,981,20
10486,54,990,16
8687,54,486,13
7842,54,74,6
3749,54,1580,23
1331,54,72,5
5995,54,384,13
8985,54,1211,27
2798,54,1240,26
7108,54,353,12
2781,55,1792,16
3623,55,45,7
194,55,41,4
10833,55,973,24
2315,55,96,5
6336,55,48,6
10738,55,65,5
8286,55,122,7
2166,55,23,3
10691,55,43,4
9739,55,114,6
1829,55,1232,18
6260,55,1957,26
10448,55,377,13
1343,55,586,16
4749,55,586,16
531,55,1662,22
6905,55,1004,20
1045,55,279,11
4012,55,1226,18
5529,56,444,15
4001,56,444,15
10420,56,222,9
7723,56,1440,20
2963,56,1440,20
10634,56,406,14
5180,56,149,8
6866,56,34,4
1328,56,683,17
1139,56,1512,21
4961,56,61,7
5177,56,396,14
2075,56,1047,15
3428,56,1598,23
4500,56,1598,23
7369,56,62,5
4381,56,235,10
9964,56,424,14
1630,56,424,14
5012,56,34,4
6918,56,34,4
7822,56,662,18
10156,56,1237,19
3033,56,318,10
4119,56,318,10
332,56,275,11
737,56,2231,13
10319,56,1286,18
2683,56,910,22
3445,56,957,21
10913,56,27,3
4427,56,1365,27
8717,56,1835,27
2066,56,114,6
3340,56,436,14
8685,56,436,14
4149,57,1348,20
8726,57,174,8
2295,57,825,21
3283,57,909,20
1915,57,1507,19
800,57,32,4
9166,57,882,20
5147,57,1424,26
13,57,32,4
8557,57,46,5
8724,57,46,5
9381,57,606,16
9384,57,606,16
3560,57,1574,19
241,57,1574,19
7521,57,1574,19
9799,57,1173,16
5123,57,143,6
448,57,795,19
4837,57,1305,26
9365,57,1277,19
8932,57,1531,21
7055,57,1021,24
3537,57,79,7
9081,58,25,4
4988,58,62,6
1050,58,65,7
5610,58,36,4
3526,58,38,4
5136,58,798,21
1411,58,940,15
701,58,1179,16
6203,58,1734,25
7192,58,545,16
5181,58,24,3
9220,58,1968,19
7734,58,1216,21
10446,58,729,16
5524,58,1617,22
3830,59,459,15
5186,59,731,20
8514,59,20,4
7165,59,823,20
10236,59,64,5
2392,59,102,6
1920,59,102,6
3673,59,779,23
1453,59,1060,25
4518,59,1169,25
8969,59,1141,21
387,59,61,5
1079,59,1086,16
164,59,269,11
3434,60,1336,18
5721,60,1566,23
8418,60,61,5
5300,60,70,5
10424,60,1295,17
11171,60,411,14
1600,60,411,14
7851,60,926,21
10701,60,1211,27
891,60,11,3
6912,60,772,21
5967,60,70,6
2109,60,1544,27
6292,60,1822,17
8537,60,1429,20
9576,60,159,8
5935,60,764,20
10264,60,31,4
234,60,31,4
3202,60,1250,18
1103,60,2053,18
610,60,480,15
4480,61,401,14
10660,61,438,14
9353,61,995,14
4120,61,369,11
2836,61,19,3
9579,61,106,6
5841,61,832,21
3174,61,1957,19
5536,61,1957,19
2061,61,99,6
8477,61,28,4
640,61,1026,23
3828,61,1327,26
4093,61,436,12
8624,61,928,17
2802,61,961,17
368,61,290,11
3599,61,1464,20
3389,61,1533,30
10710,61,18,3
7118,61,1528,20
4937,62,44,4
1127,62,1958,19
833,62,72,6
3565,62,72,6
6086,62,1380,23
1763,62,2524,28
4697,62,390,13
182,62,397,13
1165,62,496,15
5386,62,2302,18
6024,62,2302,18
2678,62,209,8
5790,62,72,5
236,62,170,7
6001,62,937,23
6250,62,775,21
1168,62,1401,20
2926,62,1374,20
716,63,976,24
6544,63,976,24
4298,63,10,3
5823,63,39,5
8375,63,518,16
5723,63,116,7
5763,63,380,13
8727,63,1150,26
3056,63,1150,26
8442,63,30,4
3712,63,259,11
10722,63,546,15
2406,63,519,16
7313,63,1565,22
2656,63,59,4
1993,63,972,14
4136,63,119,7
2928,63,990,14
2920,63,990,14
6661,63,1174,27
5462,63,1174,27
10897,63,1174,27
10542,63,77,6
5756,64,55,5
3570,64,244,10
1072,64,93,6
9606,64,1536,12
2730,64,1231,17
2995,64,1084,16
8210,64,405,13
773,64,595,16
5272,64,562,16
5125,64,1348,25
4391,64,908,21
6283,64,908,21
3421,64,908,21
5731,64,37,4
7152,64,37,4
3919,64,1931,19
6097,64,561,15
5150,64,47,5
10479,64,1511,10
5966,64,215,10
3439,64,296,10
6609,64,107,6
5393,64,42,4
9014,65,61,6
4050,65,127,7
8315,65,23,3
5184,65,23,3
3643,65,928,13
2589,65,59,6
4887,65,63,5
10104,65,8,3
3254,65,960,13
2004,65,1168,16
6142,65,900,13
8553,65,42,4
9805,65,660,18
849,65,660,18
1606,65,22,3
125,65,271,11
9305,65,1315,26
4706,65,40,4
4437,65,260,10
3081,65,20,3
3536,65,55,5
8686,65,75,5
9707,65,1182,17
10872,65,1182,17
9058,65,1867,21
4640,65,1079,24
2525,65,534,16
9503,65,313,11
10704,65,693,17
2669,66,1127,15
10037,66,1127,15
5680,66,30,4
3726,66,17,3
4548,66,54,4
4599,66,458,15
879,66,458,15
7409,66,267,11
1964,66,1603,17
0,66,1198,16
4860,66,25,4
425,66,727,19
9500,66,758,19
3074,66,1828,17
5140,66,1445,19
2611,66,1910,18
916,67,31,4
10413,67,1089,22
3696,67,52,5
304,67,76,6
5113,67,1702,15
2863,67,1052,15
4597,67,2018,18
675,67,332,11
4483,67,1228,18
1502,67,52,5
736,67,52,5
4487,67,95,6
3412,67,957,13
1744,67,54,4
5837,67,494,15
3422,67,1376,9
7462,67,570,16
10702,67,450,15
2115,68,66,5
4138,68,899,22
11091,68,22,4
7712,68,634,18
3535,68,967,12
8749,68,61,4
10955,68,1600,13
9491,68,66,7
5286,68,217,9
3409,68,339,12
2544,68,92,6
2118,68,622,17
9370,68,1120,15
4864,68,175,8
405,68,441,13
10513,68,1502,11
5138,68,43,4
8387,68,235,10
378,68,794,19
5846,68,13,3
8870,68,497,12
10340,68,497,12
7290,68,968,20
8895,68,968,20
3635,69,578,17
11178,69,32,4
2410,69,1097,15
3281,69,411,13
9905,69,255,9
2437,69,1611,23
2565,69,1334,19
7912,69,103,6
7072,69,1335,17
1409,69,444,13
5314,69,444,13
7215,69,1135,27
8858,69,542,17
895,69,594,17
10313,69,254,10
642,69,103,5
8504,70,1366,18
1020,70,1366,18
3717,70,704,16
7646,70,805,20
5796,70,1125,22
8625,70,45,6
5407,70,1085,23
4356,70,1574,11
2886,70,1217,28
10057,70,1331,21
10741,70,319,12
5491,70,319,12
4442,70,177,7
3972,70,401,13
2431,70,67,5
7899,70,1680,15
9703,70,184,7
6927,70,264,11
7005,71,813,20
246,71,312,12
4796,71,39,4
4725,71,67,6
3286,71,42,5
10680,71,70,6
4297,71,40,5
7327,71,47,6
1553,71,2283,22
1665,71,1750,13
10640,71,211,9
7620,71,106,6
7761,71,109,7
5062,71,39,4
6349,71,1319,18
3386,71,137,7
8175,71,137,7
6245,71,507,16
8780,71,507,16
2276,71,868,22
1172,71,2034,24
3225,71,265,10
8629,71,41,4
798,71,27,4
269,71,1143,15
8213,71,96,7
10245,71,756,14
2447,71,69,5
9817,71,1049,25
1371,72,984,15
8093,72,914,13
713,72,442,14
11051,72,661,19
5545,72,988,13
5283,72,144,7
5010,72,34,4
7495,72,156,8
4368,72,134,7
6303,72,1497,22
1030,72,38,4
10364,72,20,3
6945,72,1375,31
8562,72,236,10
2918,72,91,6
9167,72,976,23
4743,72,971,23
10742,72,746,11
10965,72,1722,21
7129,72,929,23
3732,72,860,21
7124,72,94,7
10686,72,21,3
7247,72,606,17
1513,72,1250,16
460,72,1753,16
6653,72,418,14
9400,73,1383,18
7106,73,1242,18
4252,73,301,11
9240,73,526,16
10770,73,1045,24
176,73,331,11
6870,73,283,11
143,73,957,12
6445,73,858,15
4278,73,1923,18
6906,73,1024,17
4637,73,1650,24
8690,73,1385,22
1173,73,2252,12
1928,73,83,5
9029,73,1536,22
10299,73,882,22
9246,73,415,13
4943,73,1727,15
4122,73,895,15
2853,74,275,10
902,74,312,12
1672,74,461,14
7254,74,137,7
8775,74,137,7
9543,74,22,3
7093,74,22,3
2894,74,2013,20
5956,74,284,11
1921,74,71,5
5057,74,611,18
10260,74,311,12
2262,74,311,12
7930,74,268,10
1461,74,38,5
7514,74,177,8
6461,74,946,22
257,74,1215,18
9460,74,162,7
3855,74,162,7
367,74,577,15
9265,74,1390,19
1990,74,1797,16
3594,74,747,19
9292,74,1382,22
6218,74,499,16
6528,75,10,3
10164,75,1691,15
9937,75,576,16
274,75,34,5
5250,75,1564,21
11010,75,44,6
6969,75,233,10
10735,75,26,4
5068,75,26,4
9974,75,70,6
7053,75,1453,21
3179,75,1572,19
8082,75,34,4
1362,75,449,13
6768,75,36,4
2375,75,22,3
6856,75,65,6
4066,76,46,5
4333,76,54,6
2948,76,185,9
4927,76,68,6
7426,76,198,9
8360,76,198,9
4058,76,811,21
10755,76,81,6
8414,76,86,6
6810,76,1187,11
3839,76,88,7
3483,76,1526,22
238,76,1082,24
591,76,677,18
5063,76,191,9
2258,76,42,4
7301,76,79,6
11121,76,70,7
5287,77,79,7
6457,77,902,22
3559,77,57,6
5577,77,23,3
641,77,119,6
954,77,102,6
1834,77,67,5
8789,77,274,11
10584,77,945,23
2337,77,39,6
6071,77,1157,21
295,77,1157,21
10203,77,42,4
3968,77,1199,26
4037,77,20,3
6932,77,2119,22
10159,77,1185,25
1177,77,129,7
9426,77,900,11
10637,77,99,6
10826,77,60,4
4086,77,60,4
10304,77,60,4
7998,77,112,6
10992,77,1148,21
6383,78,46,6
10536,78,46,6
6036,78,1924,18
11092,78,41,5
538,78,125,6
10022,78,16,3
10157,78,274,11
3503,78,974,14
146,78,1323,20
5538,78,1862,17
3910,78,1862,17
4227,78,55,6
6634,78,54,5
8916,78,16,3
6460,78,57,5
5883,78,664,18
10091,78,1067,15
697,78,2047,20
2607,78,630,18
8427,78,1540,22
217,78,1540,22
6202,78,1005,22
3856,78,1005,22
10648,78,1289,18
5120,78,1289,18
6749,78,1722,14
1584,79,482,14
9559,79,1034,25
771,79,194,9
5237,79,63,6
2461,79,43,4
5474,79,223,9
2895,79,195,9
7972,79,1151,16
10067,79,13,3
500,79,1941,23
922,79,48,4
2861,79,23,3
375,79,1156,15
10936,79,1947,15
10314,79,1318,24
4240,79,58,5
2674,79,1143,15
2563,80,43,5
8312,80,43,5
6999,80,834,22
7574,80,41,5
5223,80,66,6
2952,80,76,6
7683,80,787,20
9481,80,68,7
9907,80,1013,24
5454,80,50,5
3798,80,81,6
7281,80,186,8
4259,80,10,3
2549,80,27,4
6437,80,76,5
2488,80,64,6
3945,80,930,23
702,80,521,15
9010,80,2346,22
9710,80,792,21
1509,80,523,22
9120,80,1065,15
5252,80,67,5
5959,80,199,9
7441,80,1615,24
4271,80,341,11
4095,80,467,13
8852,80,1080,23
7698,81,191,9
4174,81,130,7
3182,81,263,9
193,81,16,3
5229,81,42,4
7732,81,745,19
310,81,573,17
6261,81,470,15
6274,81,1615,24
1655,81,48,4
2740,81,90,7
4328,81,55,6
17,81,1028,24
9153,81,1048,25
520,81,30,3
8372,81,30,3
73,81,18,3
2002,81,1870,16
6059,81,1314,18
11166,81,315,12
6257,81,507,16
9224,81,1139,23
8732,81,1461,21
955,81,240,10
4910,81,2074,29
564,81,906,23
8931,82,1761,25
1998,82,84,6
1250,82,84,6
8397,82,34,4
9672,82,65,5
2125,82,1102,15
5975,82,57,5
983,82,414,11
9938,82,1600,16
4385,82,47,6
1612,82,47,6
803,82,21,3
10675,82,1161,17
7004,82,84,6
4432,82,51,5
5079,82,97,6
4475,82,2440,24
10868,82,1272,17
6742,82,11,3
5692,82,32,4
339,82,496,16
10398,82,31,3
8017,83,55,5
3722,83,48,5
7326,83,63,5
2416,83,1288,19
1878,83,37,5
5278,83,902,20
5734,83,91,6
4370,83,88,6
8405,83,305,11
7617,83,163,8
10339,83,207,9
6376,83,545,15
2150,83,1482,21
7386,83,43,4
3006,83,43,4
11088,83,1816,17
5185,83,892,12
3523,83,1073,17
55,83,597,18
3807,83,766,20
2453,83,819,20
7787,83,819,20
2230,84,43,7
8146,84,54,4
988,84,1193,17
4832,84,101,6
3152,84,89,6
11188,84,89,6
361,84,20,3
5939,84,122,7
9349,84,1131,22
819,84,1103,24
10120,84,257,10
4541,84,257,10
2456,84,149,8
2516,84,78,5
11013,84,938,16
9988,84,860,22
1627,84,789,21
1490,84,854,21
6710,84,103,6
7375,84,576,14
10144,84,576,14
3138,84,1676,22
1440,84,1149,23
4200,85,275,11
4998,85,1033,13
7321,85,1033,13
8663,85,15,3
1958,85,660,19
6963,85,1157,17
1065,85,1918,18
2712,85,715,19
6049,85,1804,26
6605,85,682,19
5234,85,81,5
5253,85,227,10
11148,85,13,3
6289,85,185,8
9743,85,1910,27
9209,85,1564,23
6417,85,1564,23
7937,86,58,6
6488,86,99,7
3194,86,1230,18
231,86,32,5
9697,86,542,17
4676,86,1695,23
8079,86,55,6
10032,86,53,7
10505,86,1001,14
2005,86,75,6
6940,86,223,8
2304,86,770,21
3170,86,1042,14
10466,86,60,5
7325,86,40,4
455,86,209,9
7592,86,209,9
4547,86,25,4
6825,86,16,3
2961,86,382,13
8700,86,66,6
2278,86,133,6
10703,86,120,7
9,86,120,7
2804,86,120,7
4915,86,732,19
3010,87,2069,19
4279,87,54,5
2564,87,165,8
1137,87,1379,16
5084,87,1064,23
7094,87,1064,23
6327,87,1146,16
6131,87,431,14
5798,87,985,14
10379,87,574,16
606,87,15,3
7801,87,728,18
2445,87,63,5
5346,87,79,6
550,87,708,19
4478,87,653,18
2350,87,1027,13
1118,87,685,19
1491,87,559,14
4507,87,1250,21
7023,87,263,11
6977,87,1921,28
4042,87,180,8
7274,87,2153,21
2902,87,45,4
3332,87,165,8
7433,87,165,8
9386,88,320,12
5176,88,53,4
10323,88,304,11
4682,88,310,12
3083,88,373,13
8015,88,1313,19
1745,88,1313,19
3136,88,663,19
6991,88,637,18
8132,88,661,19
503,88,53,5
8148,88,859,20
2736,88,849,21
8162,88,26,4
692,88,16,3
7706,88,1048,24
9298,89,1798,17
2986,89,20,3
10812,89,90,6
2909,89,1264,18
6974,89,1497,21
9140,89,91,6
4554,89,448,13
7791,89,25,4
5455,89,122,7
7960,89,1382,25
3426,89,1596,23
5316,89,84,6
1404,89,231,9
10598,89,37,5
8212,89,174,8
3233,89,1117,26
7892,89,75,6
2975,89,1956,22
5043,89,434,11
3104,89,2006,20
10854,90,45,5
7419,90,35,5
5558,90,1685,14
832,90,747,20
4964,90,1158,17
11030,90,16,3
4587,90,266,11
450,90,270,9
11031,90,40,4
4990,90,869,20
221,90,242,9
4351,90,55,4
1357,90,1562,12
5667,90,1701,23
8867,90,2126,19
2747,90,2126,19
7422,90,369,13
4148,90,348,12
9516,90,1229,26
1291,90,351,12
1833,91,133,7
7270,91,1241,18
8182,91,121,7
10394,91,1479,17
1142,91,428,14
451,91,22,4
7128,91,15,3
10678,91,917,23
7755,91,411,14
4754,91,122,6
20,91,183,7
2246,91,183,7
10307,91,525,16
2147,91,2279,22
10590,91,1483,22
6565,91,1782,24
6619,91,44,4
4817,91,18,3
4508,92,833,18
4843,92,833,18
9197,92,47,5
6237,92,416,25
6515,92,50,5
5954,92,192,9
7938,92,449,15
961,92,860,15
1764,92,270,11
1916,92,437,14
6941,92,95,5
5562,92,735,19
1517,92,51,4
7286,92,55,4
4687,92,1633,23
5631,92,692,17
1951,92,839,21
123,92,993,13
9451,92,1658,23
7396,92,1597,25
3298,92,1152,24
6730,92,54,5
9916,92,54,5
2227,92,210,9
946,92,210,9
3745,92,103,6
4094,92,289,11
8588,92,289,11
3916,92,890,22
9135,92,64,4
1755,93,114,6
2875,93,906,23
2008,93,1149,18
10925,93,1003,24
1604,93,225,10
5389,93,347,13
2878,93,414,13
4440,93,546,17
1324,93,91,6
6262,93,1573,21
3628,93,80,5
3641,93,36,5
322,93,41,5
175,93,1443,20
6988,93,1443,20
8204,93,1319,17
7476,93,1269,19
5221,93,879,22
8970,93,530,15
9286,93,747,18
5831,93,1815,15
1010,94,78,5
11074,94,1423,17
5896,94,397,14
3515,94,160,8
5324,94,422,14
6534,94,67,5
8373,94,29,4
3829,94,29,4
4501,94,1478,19
4179,94,55,5
2292,94,24,4
9239,94,126,7
8953,94,35,4
10258,94,35,4
3520,94,1092,14
10402,94,39,4
11114,94,84,6
9553,94,15,3
6055,94,1305,18
4786,94,1109,25
5015,94,162,7
8560,94,680,17
3469,94,103,6
5885,94,211,9
3310,94,211,9
2134,94,694,18
2532,95,1651,12
2579,95,835,22
3117,95,450,12
5623,95,51,4
4789,95,1677,17
9523,95,15,3
5268,95,56,5
1545,95,443,14
2254,95,1455,20
2661,95,44,6
3130,95,44,6
5847,95,882,20
5863,95,655,17
999,95,730,24
2931,95,1192,22
1890,95,25,3
5589,95,793,21
10172,95,1538,20
6729,95,1538,20
10492,96,10,3
2939,96,1631,14
5948,96,237,10
574,96,125,6
3266,96,125,6
10500,96,98,7
7987,96,460,15
1135,96,47,7
24,96,47,7
7244,96,124,7
1966,96,1672,25
7789,96,1672,25
3336,96,948,11
5644,96,363,13
1295,96,725,18
6663,96,157,8
10262,96,53,7
456,96,36,5
3270,96,128,7
5748,96,475,13
8952,96,859,21
3921,96,205,9
9826,96,2114,21
5830,96,2114,21
8310,96,1459,21
6382,97,54,4
8439,97,902,13
7613,97,326,12
48,97,184,8
5046,97,1638,23
3231,97,30,4
7181,97,52,5
1663,97,49,4
5441,97,388,13
8602,97,1049,24
9925,97,216,9
9499,97,1616,14
6568,97,79,5
3032,97,193,8
5153,97,1529,32
4127,97,1529,32
9940,97,1009,14
7527,97,76,6
3406,97,322,12
9771,97,269,11
6722,98,767,20
213,98,48,6
8541,98,41,6
8475,98,1608,22
8070,98,264,11
313,98,2088,21
9757,98,1631,23
2088,98,1631,23
2320,98,635,18
966,98,691,19
9706,98,94,6
3979,98,1779,16
5602,98,1282,27
2202,98,69,5
9645,98,1338,23
7230,98,493,16
5675,98,493,16
4974,98,1392,19
5687,98,1633,26
5871,98,467,13
3846,98,270,11
10001,98,100,6
2831,99,1179,24
868,99,65,5
7212,99,65,5
1743,99,801,10
2415,99,953,13
7947,99,37,4
2106,99,34,4
3363,99,34,4
8595,99,67,5
7232,99,67,5
7829,99,65,5
9977,99,734,17
10142,99,689,18
5263,99,55,4
22,99,309,12
528,99,1383,19
4070,99,1078,17
